Job Title,Company Name,Job Location,Required Experience,Job Description
DATA ENGINEER – (DX),STAR SERVICES LLC,Abu Dhabi - United Arab Emirates (UAE),10 - 11 Years,DATA ENGINEER – (DX)
Login/Register,,,,Looking for the perfect job?
Data Engineer,Trigyn Technologies ltd,Beirut - Lebanon,5 - 10 Years,Data Engineer
Applied AI & Data Engineer,Morgan's Holding Global LLC,"Chandigarh , Chennai , Bangalore - India",5 - 10 Years,Applied AI & Data Engineer
FinTech Data Engineer,Acesoft Labs (India) Pvt Ltd,Dubai - United Arab Emirates (UAE),4 - 8 Years,FinTech Data Engineer
Data Engineer,Dicetek LLC,Abu Dhabi - United Arab Emirates (UAE),5 - 8 Years,Data Engineer
Senior Data Engineer (Arabic Speaker),Dicetek LLC,Dubai - United Arab Emirates (UAE),10 - 15 Years,Senior Data Engineer (Arabic Speaker)
Data Engineer/Test,Confidential Company,Abu Dhabi - United Arab Emirates (UAE),5 - 10 Years,Data Engineer/Test
Data Engineer,Acesoft Labs (India) Pvt Ltd,Dubai - United Arab Emirates (UAE),4 - 9 Years,Data Engineer
Data Engineer,Confidential Company,"Wakra , Doha - Qatar",5 - 10 Years,Data Engineer
Senior Consultant - Data Engineering,MAIR GROUP - P.J.S.C,Abu Dhabi - United Arab Emirates (UAE),5 - 10 Years,Senior Consultant - Data Engineering
Data Engineer,Al Gurg Group,Dubai - United Arab Emirates (UAE),5 - 8 Years,Data Engineer
Snowflake Data Engineer,Applycup Solutions (Client Confidential),Dubai - United Arab Emirates (UAE),8 - 15 Years,Snowflake Data Engineer
Snowflake Data Engineer,Applycup Solutions (Client Confidential),Dubai - United Arab Emirates (UAE),8 - 15 Years,Snowflake Data Engineer
Data Engineer,Dicetek LLC,Dubai - United Arab Emirates (UAE),4 - 8 Years,Data Engineer
Senior Data Engineer,Devsinc,Riyadh - Saudi Arabia,4 - 10 Years,Senior Data Engineer
Data Engineering Manager,Client of Salt,Dubai - United Arab Emirates,8 - 30 Years,Data Engineering Manager
AWS Data Engineer,Client of Salt,Abu Dhabi - United Arab Emirates,5 - 10 Years,AWS Data Engineer
Senior Data Engineer (Spark),SSC Egypt,Cairo - Egypt,3 - 8 Years,Senior Data Engineer (Spark)
Senior Data Engineer,Capco,United Arab Emirates - United Arab Emirates,7 - 12 Years,Senior Data Engineer
Senior Data Engineer (Investment Data),Luxoft,Abu Dhabi - United Arab Emirates,5 - 10 Years,Senior Data Engineer (Investment Data)
Data Engineer,STMicroelectronics,Agadir - Morocco,0 - 5 Years,Data Engineer
Data Engineer,CME,Beirut - Lebanon,5 - 10 Years,Data Engineer
Senior Data Engineer,Big Data Technology Solutions,Dubai - United Arab Emirates,5 - 10 Years,Senior Data Engineer
Senior Data Engineer,Future Look ITC,Riyadh - Saudi Arabia,1 - 6 Years,Senior Data Engineer
Senior Data Engineer,Iitjobs Inc.,Muscat - Oman,7 - 12 Years,Senior Data Engineer
Senior Data Engineer,Iitjobs Inc.,Muscat - Oman,7 - 10 Years,Senior Data Engineer
"Senior Data Engineer - Systems Architecture, Design & Development",Wynn Al Marjan Island,Ras Al Khaimah - United Arab Emirates,5 - 10 Years,"Senior Data Engineer - Systems Architecture, Design & Development"
Data Engineer Snowflake,Capco,Qatar - Qatar,5 - 10 Years,Data Engineer Snowflake
Senior Data Engineer,Flairstech,Cairo - Egypt,4 - 9 Years,Senior Data Engineer
Integration and Data Engineer,Client of Premier Services & Recruitment,Cairo - Egypt,3 - 5 Years,Integration and Data Engineer
